{"cameraMode":{"drawMode":0,"name":"Shaded","section":"Shading Mode"},"sceneLighting":true,"audioPlay":false,"sceneViewState":{"showFog":true,"showMaterialUpdate":false,"showSkybox":true,"showFlares":true,"showImageEffects":true,"showParticleSystems":true},"in2DMode":false,"pivot":{"x":730.491943359375,"y":506.3399658203125,"z":-100.0048828125},"rotation":{"x":0.2551511228084564,"y":0.0014473109040409327,"z":-0.00039600764284841716,"w":0.9669207334518433},"size":2607.657958984375,"orthographic":false}